Year,Month,Monthly_Revenue
2023,1,5489398.799999999
2023,2,4601350.540000004
2023,3,5960181.799999994
2023,4,4978261.77
2023,5,5581344.339999999
2023,6,5456746.680000002
2023,7,5788908.539999994
2023,8,5788438.160000003
2023,9,5295132.239999999
2023,10,5462920.470000002
2023,11,5258371.91
2023,12,5393709.27
2024,1,153021.55000000002
