Product_Category,Sales_Amount
Apparel,11462710.170000007
Automotive,11012497.110000024
Toys,10898349.910000008
Furniture,10672800.529999996
Groceries,10619762.979999997
